"Register","Nº","Campo","Descrição","Tipo","Tam","Dec","Valores Válidos","Obrig","Regras de Validação do Campo"
"0000","01","REG","Texto fixo contendo “0000”.","C","004","-","“0000”","Sim","-"
"0000","02","LECD","Texto fixo contendo “LECD”.","C","004","-","“LECD”","Sim","-"
"0000","03","DT_INI","Data inicial das informações contidas no arquivo.","N","008","-","-","Sim","[REGRA_DATA_INI_ MAIOR] [ REGRA_INICIO_ PERIODO]"
"0000","04","DT_FIN","Data final das informações contidas no arquivo.","N","008","-","-","Sim","[REGRA_FIM_ PERIODO]"
"0000","05","NOME","Nome empresarial da pessoa jurídica.","C","-","-","-","Sim","-"
"0000","06","CNPJ","Número de inscrição da pessoa jurídica no CNPJ. Observação: Esse CNPJ é sempre da Sócia Ostensiva, no caso do arquivo da SCP.","C","014","-","-","Sim","[REGRA_VALIDA_ CNPJ]"
"0000","07","UF","Sigla da unidade da federação da pessoa jurídica.","C","002","-","-","Sim","[REGRA_TABELA_UF]"
"0000","08","IE","Inscrição Estadual da pessoa jurídica.","C","-","-","-","Não","[REGRA_CAMPO_ CARACTERE_ INVALIDO]"
"0000","09","COD_MUN","Código do município do domicílio fiscal da pessoa jurídica, conforme tabela do IBGE – Instituto Brasileiro de Geografia e Estatística.","N","007","-","-","Não","[REGRA_TABELA_ MUNICIPIO] [ REGRA_COD_ MUN_INV_UF]"
"0000","10","IM","Inscrição Municipal da pessoa jurídica.","C","-","-","-","Não","[REGRA_CAMPO_ CARACTERE_ INVALIDO]"
"0000","11","IND_SIT_ESP","Indicador de situação especial (conforme tabela publicada pelo Sped).","N","1","-","-","Não","[REGRA_TABELA_ SITUACAO]"
"0000","12","IND_SIT_INI _PER","Indicador de situação no início do período (conforme tabela publicada pelo Sped).","N","1","-","-","Sim","[REGRA_TABELA_ SIT_INICIO_PER]"
"0000","13","IND_NIRE","Indicador de existência de NIRE: 0 – Empresa não possui registro na Junta Comercial (não possui NIRE) 1 – Empresa possui registro na Junta Comercial (possui NIRE)","N","1","-","[0,1]","Sim","-"
"0000","14","IND_FIN_ESC","Indicador de finalidade da escrituração: 0 - Original 1 – Substituta","N","1","-","[0,1]","Sim",""
"0000","15","COD_HASH_ SUB","Hash da escrituração substituída.","C","40","-","-","Não","[REGRA_HASH_ SUBSTITUIDA] [ REGRA_VALIDA_ HEXADECIMAL]"
"0000","16","IND_GRANDE_PORTE","Indicador de entidade sujeita a auditoria independente: 0 – Empresa não é entidade sujeita a auditoria independente. 1 – Empresa é entidade sujeita a auditoria independente – Ativo Total superior a R$ 240.000.000,00 ou Receita Bruta Anual superior R$300.000.000,00.","N","001","-","[0; 1]","Sim","-"
"0000","17","TIP_ECD","Indicador do tipo de ECD: 0 – ECD de empresa não participante de SCP como sócio ostensivo. 1 – ECD de empresa participante de SCP como sócio ostensivo. 2 – ECD da SCP.","N","001","-","[0; 1; 2]","Sim",""
"0000","18","COD_SCP","CNPJ da SCP (Anexo I, XVIII, da IN RFB nº 2.119, de 06 de dezembro de 2022). Observação: Só deve ser preenchido pela própria SCP com o CNPJ da SCP (Não é preenchido pelo sócio ostensivo).","C","014","-","","Não","[REGRA_SCP_ OBRIGATORIO] [ REGRA_SCP_NAO_ PREENCHER] [ REGRA_CNPJ_ DIFERENTE_ SCP] [ REGRA_VALIDA_ CNPJ]"
"0000","19","IDENT_MF","Identificação de moeda funcional: Indica que a escrituração abrange valores com base na moeda funcional (art. 287 da Instrução Normativa RFB nº 1.700, de 14 de março de 2017). Observação: Deverá ser utilizado o registro I020 para informação de campos adicionais, conforme instruções do item 1.24.","C","001","-","[S; N]","Sim","-"
"0000","20","IND_ESC_CONS","Escriturações Contábeis Consolidadas: (Deve ser preenchido pela empresa controladora obrigada a informar demonstrações contábeis consolidadas, nos termos da Lei nº 6.404/76 e/ou do Pronunciamento Técnico CPC 36 – Demonstrações Consolidadas) S – Sim N – Não","C","001","-","[S; N]","Sim","[REGRA_CONGLOME RADO_MES_12]"
"0000","21","IND_CENTRALIZADA","Indicador da modalidade de escrituração centralizada ou descentralizada: 0 – Escrituração Centralizada 1 – Escrituração Descentralizada","N","001","-","[0;1]","Sim","-"
"0000","22","IND_MUDANC_PC","Indicador de mudança de plano de contas: 0 – Não houve mudança no plano de contas. 1 – Houve mudança no plano de contas.","N","001","-","[0;1]","Sim","-"
"0000","23","COD_PLAN_REF","Código do Plano de Contas Referencial que será utilizado para o mapeamento de todas as contas analíticas: 1 – PJ em Geral – Lucro Real 2 – PJ em Geral – Lucro Presumido 3 – Financeiras – Lucro Real 4 – Seguradoras – Lucro Real 5 – Imunes e Isentas em Geral 6 – Imunes e Isentas – Financeiras 7 – Imunes e Isentas – Seguradoras 8 – Entidades Fechadas de Previdência Complementar 9 – Partidos Políticos 10 – Financeiras – Lucro Presumido Observação: Caso a pessoa jurídica não realize o mapeamento para os planos referenciais na ECD, este campo deve ficar em branco.","C","002","-","[1; 2; 3; 4; 5; 6; 7; 8; 9; 10] ou Vazio","Não","-"
"0001","01","REG","Texto fixo contendo “0001”.","C","004","-","“0001”","Sim","-"
"0001","02","IND_DAD","Indicador de movimento: 0- Bloco com dados informados; 1- Bloco sem dados informados.","N","001","-","[0,1]","Sim","-"
"0007","01","REG","Texto fixo contendo “0007”.","C","004","-","“0007”","Sim","-"
"0007","02","COD_ENT _REF","Código da instituição responsável pela administração do cadastro (conforme tabela publicada pelo Sped).","C","-","-","-","Sim","[REGRA_TABELA_ INSTITUICOES_CADASTRO]"
"0007","03","COD_INSCR","Código cadastral da pessoa jurídica na instituição identificada no campo 02.","C","-","-","-","Não","[REGRA_VALIDA_ INSCRICAO]"
"0020","01","REG","Texto fixo contendo “0020”.","C","004","-","""0020""","Sim","-"
"0020","02","IND_DEC","Indicador de descentralização: 0 – Escrituração da matriz. 1 – Escrituração da filial.","N","001","-","[0,1]","Sim","[REGRA_CONGLOMERA DO_NA_MATRIZ]"
"0020","03","CNPJ","Número de inscrição da pessoa jurídica no CNPJ da matriz ou da filial.","C","014","-","-","Sim","[REGRA_VALIDA_CNPJ] [ REGRA_VERIFICA_CNPJ_ REG_0000_REG_0020] [ REGRA_REGISTRO_ DUPLICADO] [ REGRA_DUPLICIDADE_ CNPJ_REG_0000_REG_ 0020]"
"0020","04","UF","Sigla da unidade da federação da matriz ou da filial.","C","002","-","-","Sim","[REGRA_TABELA_UF]"
"0020","05","IE","Inscrição estadual da matriz ou da filial.","C","-","-","-","Não","[REGRA_CAMPO_ CARACTERE_INVALIDO]"
"0020","06","COD_MUN","Código do município do domicílio da matriz ou da filial.","N","007","-","-","Não","[REGRA_TABELA_ MUNICIPIO]"
"0020","07","IM","Número de Inscrição Municipal da matriz ou da filial.","C","-","-","-","Não","[REGRA_CAMPO_ CARACTERE_INVALIDO]"
"0020","08","NIRE","Número de Identificação do Registro de Empresas","N","11","-","-","Não","[REGRA_VALIDA_NIRE]"
"0035","1","REG","Texto fixo contendo “0035”.","C","004","-","[0035]","Sim","-"
"0035","2","COD_SCP","CNPJ da SCP (Aenxo I, XVIII, da Instrução Normativa RFB nº 2.119, de 06 de dezembro de 2022).","C","014","-","-","Sim","[REGRA_CNPJ_ DIFERENTE_SCP]"
"0035","3","NOME_SCP","Nome da SCP","C","-","-","-","Não","-"
"0150","01","REG","Texto fixo contendo “0150”.","C","004","-","""0150""","Sim","-"
"0150","02","COD_PART","Código de identificação do participante no arquivo criado pela própria pessoa jurídica.","C","-","-","-","Sim","[REGRA_REGISTRO_ DUPLICADO]"
"0150","03","NOME","Nome pessoal ou empresarial do participante.","C","-","-","-","Sim","-"
"0150","04","COD_PAIS","Código do país do participante, conforme a tabela do Banco Central do Brasil.","N","005","-","-","Sim","[REGRA_TABELA_PAIS]"
"0150","05","CNPJ","CNPJ do participante.","C","014","-","-","Não","[REGRA_VALIDA_CNPJ]"
"0150","06","CPF","CPF do participante.","N","011","-","-","Não","[REGRA_VALIDA_CPF]"
"0150","07","NIT","Número de Identificação do Trabalhador, Pis, Pasep, SUS.","N","011","-","-","Não","-"
"0150","08","UF","Sigla da unidade da federação do participante.","C","002","-","-","Não","[REGRA_TABELA_UF] [ REGRA_CAMPO_NAO_ OBRIGATORIO_PAIS_ BRASIL]"
"0150","09","IE","Inscrição Estadual do participante.","C","-","-","-","Não","[REGRA_CAMPO_ CARACTERE_INVALIDO]"
"0150","10","IE_ST","Inscrição Estadual do participante na unidade da federação do destinatário, na condição de contribuinte substituto.","C","-","-","-","Não","[REGRA_CAMPO_ CARACTERE_INVALIDO]"
"0150","11","COD_MUN","Código do município, conforme a tabela do IBGE.","N","007","-","-","Não","[REGRA_TABELA_ MUNICIPIO] [ REGRA_CAMPO_NAO_ OBRIGATORIO_PAIS_ BRASIL]"
"0150","12","IM","Inscrição Municipal do participante.","C","-","-","-","Não","[REGRA_CAMPO_ CARACTERE_INVALIDO]"
"0150","13","SUFRAMA","Número de inscrição do participante na Suframa.","C","009","-","-","Não","[REGRA_CAMPO_ CARACTERE_INVALIDO]"
"0180","01","REG","Texto fixo contendo “0180”.","C","004","-","""0180""","Sim","-"
"0180","02","COD_REL","Código do relacionamento conforme tabela publicada pelo Sped.","N","002","-","-","Sim","[REGRA_TABELA_ RELACIONAMENTO]"
"0180","03","DT_INI_REL","Data do início do relacionamento.","N","008","-","-","Sim","[REGRA_DT_INI_MAIOR_ DT_FIN_REL]"
"0180","04","DT_FIN_REL","Data do término do relacionamento.","N","008","-","-","Não","-"
"0990","01","REG","Texto fixo contendo “0990”.","C","004","-","""0990""","Sim","-"
"0990","02","QTD_LIN_0","Quantidade total de linhas do Bloco 0.","N","-","-","-","Sim","[REGRA_QTD_LIN_ BLOCO_0]"
"C001","01","REG","Texto fixo contendo “C001”.","C","004","-","“C001”","Sim","-"
"C001","02","IND_DAD","Indicador de movimento: 0- Bloco com dados informados; 1- Bloco sem dados informados.","N","001","-","[0,1]","Sim","-"
"C040","01","REG","Texto fixo contendo “C040”.","C","004","-","“C040”","Sim","-"
"C040","02","HASH_ECD_REC","Hashcode da ECD recuperada.","C","040","-","-","Sim","-"
"C040","03","DT_INI_ECD_REC","Data inicial das informações contidas na ECD recuperada.","N","008","-","-","Sim","-"
"C040","04","DT_FIN_ECD_REC","Data final das informações contidas na ECD recuperada.","N","008","-","-","Sim","-"
"C040","05","CNPJ_ECD_REC","CNPJ da ECD recuperada.","C","014","-","-","Sim","-"
"C040","06","IND_ESC","Indicador da forma de escrituração contábil: G – Livro Diário Geral. R – Livro Diário com Escrituração Resumida. B – Livro de Balancetes Diários.","C","001","-","[G;R;B]","Sim","-"
"C040","07","COD_VER_LC","Código da versão do leiaute.","C","-","-","-","Sim","-"
"C040","08","NUM_ORD","Número de ordem da escrituração.","N","-","-","-","Sim","-"
"C040","09","NAT_LIVR","Natureza do livro.","C","080","-","-","Sim","-"
"C040","10","IND_SIT_ESP_ECD _REC","Indicador de situação especial da ECD recuperada: 1 – Cisão. 2 – Fusão. 3 - Incorporação. 4 – Extinção.","N","001","-","[1;2;3;4]","Não","-"
"C040","11","IND_NIRE_ECD _REC","Indicador de existência de Nire: 0 – Pessoa jurídica não possui registro na Junta Comercial. 1 – Pessoa jurídica possui registro na Junta Comercial.","N","001","-","[0;1]","Sim","-"
"C040","12","IND_FIN_ESC_ECD _REC","Indicador da finalidade da escrituração: 0 – Original. 1 – Substituta.","N","001","-","[0;1]","Sim","-"
"C040","13","TIP_ECD_REC","Indicador do tipo da ECD: 0 – ECD de empresa não participante de SCP como sócio ostensivo. 1 – ECD de empresa participante de SCP como sócio ostensivo. 2 – ECD da SCP.","N","001","-","[0;1;2]","-","-"
"C040","14","COD_SCP_ECD_REC","CNPJ da SCP.","C","014","-","-","Não","-"
"C040","15","IDENT_MF_ECD_REC","Identificação de moeda funcional: S – Sim N – Não","C","001","-","[S;N]","Sim","-"
"C040","16","IND_ESC_CONS_ECD _REC","Identificação de escriturações contábeis consolidadas: S – Sim N – Não","C","001","-","[S;N]","Sim","-"
"C040","17","IND_CENTRALIZADA _ECD_REC","Identificação de escrituração contábil centralizada ou descentralizada: 0 – Escrituração centralizada. 1 – Escrituração descentralizada.","N","001","-","[0;1]","Não","-"
"C040","18","IND_MUDANCA_PC _ECD_REC","Indicativo de mudança de plano de contas: 0 – Não houve alteração de plano de contas. 1 – Houve alteração de plano de contas.","N","001","-","[0;1]","Não","-"
"C040","19","IND_PLANO_REF_ECD _REC","Código do Plano de Contas Referencial que será utilizado para o mapeamento de todas as contas analíticas: 1 – PJ em Geral – Lucro Real. 2 – PJ em Geral – Lucro Presumido. 3 – Financeiras – Lucro Real. 4 – Seguradoras – Lucro Real. 5 – Imunes e Isentas em Geral. 6 – Imunes e Isentas – Financeiras. 7 – Imunes e Isentas – Seguradoras. 8 – Entidades Fechadas de Previdência Complementar. 9 – Partidos Políticos. 10 – Financeiras – Lucro Presumido.","N","002","-","[0;1;2;3;4; 5;6;7;8;9;10]","Não","-"
"C050","01","REG","Texto fixo contendo “C050”.","C","004","-","""C050""","Sim","-"
"C050","02","DT_ALT","Data da inclusão/alteração.","N","008","-","-","Sim","-"
"C050","03","COD_NAT","Código da natureza da conta/grupo de contas, conforme tabela publicada pelo Sped.","C","002","-","","Sim","-"
"C050","04","IND_CTA","Indicador do tipo de conta: S - Sintética (grupo de contas) A - Analítica (conta)","C","001","-","[“S”,”A”]","Sim","-"
"C050","05","NIVEL","Nível da conta analítica/grupo de contas.","N","-","-","-","Sim","-"
"C050","06","COD_CTA","Código da conta analítica/grupo de contas.","C","-","-","-","Sim","-"
"C050","07","COD_CTA_SUP","Código da conta sintética /grupo de contas de nível imediatamente superior.","C","-","-","-","Não","-"
"C050","08","CTA","Nome da conta analítica/grupo de contas.","C","-","-","-","Sim","-"
"C051","01","REG","Texto fixo contendo “C051”.","C","004","-","“C051”","Sim","-"
"C051","02","COD_CCUS","Código do centro de custo.","C","-","-","-","Não","-"
"C051","03","COD_CTA_REF","Código da conta de acordo com o plano de contas referencial, conforme tabela publicada pelos órgãos indicados no campo COD_PLAN_REF do registro 0000.","C","-","-","-","Sim","-"
"C052","01","REG","Texto fixo contendo “C052”.","C","004","-","“C052”","Sim","-"
"C052","02","COD_CCUS","Código do centro de custo.","C","-","-","-","Não","-"
"C052","03","COD_CTA_REF","Código de aglutinação utilizado nas demonstrações contábeis do bloco J (Somente para as contas analíticas).","C","-","-","-","Sim","-"
"C150","01","REG","Texto fixo contendo “C150”.","C","004","-","“C150”","Sim","-"
"C150","02","DT_INI","Data inicial do período.","N","008","-","-","Sim","-"
"C150","03","DT_FIN","Data final do período.","N","008","-","-","Sim","-"
"C155","01","REG","Texto fixo contendo “C155”.","C","004","-","“C155”","Sim","-"
"C155","02","COD_CTA_REC","Código da conta analítica.","C","-","-","-","Sim","-"
"C155","03","COD_CCUS_REC","Código do centro de custos.","C","-","-","-","Não","-"
"C155","04","VL_SLD_INI_REC","Valor do saldo inicial do período.","N","019","002","-","Sim","-"
"C155","05","IND_DC_INI_REC","Indicador da situação do saldo inicial: D – Devedor. C – Credor.","C","001","-","[D;C]","Não","-"
"C155","06","VL_DEB_REC","Valor total dos débitos no período.","N","019","002","-","Sim","-"
"C155","07","VL_CRED_REC","Valor total dos créditos no período.","N","019","002","-","Sim","-"
"C155","08","VL_SLD_FIN_REC","Valor do saldo final do período.","N","019","002","-","Sim","-"
"C155","09","IND_DC_FIN_REC","Indicador da situação do saldo final do período.","C","001","-","[D;C]","Não","-"
"C600","01","REG","Texto fixo contendo “C600”.","C","004","-","“C600”","Sim","-"
"C600","02","DT_INI","Data inicial das demonstrações contábeis.","N","008","-","-","Sim","-"
"C600","03","DT_FIN","Data final das demonstrações contábeis.","N","008","-","-","Sim","-"
"C600","04","ID_DEM","Identificação das demonstrações: 1 – Demonstrações contábeis do empresário ou sociedade empresária a que se refere a escrituração. 2 – Demonstrações consolidadas ou de outras pessoas jurídicas.","N","001","-","[1;2]","Sim","-"
"C600","05","CAB_DEM","Cabeçalho das demonstrações","C","65535","-","-","Não","-"
"C650","01","REG","Texto fixo contendo “C650”.","C","004","-","“C650”","Sim","-"
"C650","02","COD_AGL","Código de aglutinação da linha.","C","-","-","-","Sim","-"
"C650","03","NIVEL_AGL","Nível do código de aglutinação da linha.","N","-","-","-","Sim","-"
"C650","04","DESCR_COD_AGL","Descrição do código de aglutinação da linha.","C","-","-","-","Sim","-"
"C650","05","VL_CTA_FIN","Valor do saldo final da linha.","N","019","002","-","Sim","-"
"C650","06","IND_DC_CTA_FIN","Indicador da situação do saldo final da linha: D – Devedor. C – Credor.","C","001","-","[D;C]","Sim","-"
"C990","01","REG","Texto fixo contendo “C990”.","C","004","-","""C990""","Sim","-"
"C990","02","QTD_LIN_0","Quantidade total de linhas do Bloco 0.","N","-","-","-","Sim","[REGRA_QTD_LIN_ BLOCO_C]"
"I001","01","REG","Texto fixo contendo “I001”.","C","004","-","“I001”","Sim","-"
"I001","02","IND_DAD","Indicador de movimento: 0- Bloco com dados informados; 1- Bloco sem dados informados.","N","001","-","[0,1]","Sim","-"
"I010","01","REG","Texto fixo contendo “I010”.","C","004","-","""I010""","Sim","-"
"I010","02","IND_ESC","Indicador da forma de escrituração contábil: G - Livro Diário (Completo sem escrituração auxiliar). R - Livro Diário com Escrituração Resumida (com escrituração auxiliar). A - Livro Diário Auxiliar ao Diário com Escrituração Resumida. B - Livro Balancetes Diários e Balanços. Z – Razão Auxiliar (Livro Contábil Auxiliar conforme leiaute definido nos registros I500 a I555).","C","001","-","[“G”,”R”, ”A”,”B”, ”Z”]","Sim","-"
"I010","03","COD_VER_LC","Código da Versão do Leiaute Contábil.","C","-","-","[9.00]","Sim","[REGRA_VERSAO_LC]"
"I012","01","REG","Texto fixo contendo “I012”.","C","004","-","""I012""","Sim","-"
"I012","02","NUM_ORD","Número de ordem do instrumento associado.","N","-","-","-","Sim","[REGRA_MAIOR_QUE_ZERO]"
"I012","03","NAT_LIVR","Natureza do livro associado; finalidade a que se destina o instrumento.","C","80","-","-","Sim","-"
"I012","04","TIPO","Tipo de escrituração do livro associado: 0 – digital (incluído no Sped). 1 – outros.","N","001","","[0,1]","Sim","[REGRA_VALIDA_TIPO_LIVRO _AUXILIAR]"
"I012","05","COD_HASH _AUX","Código Hash do arquivo correspondente ao livro auxiliar utilizado na assinatura digital.","C","40","-","-","Não","[REGRA_CAMPO_COD_HASH_ AUX_OBRIGATORIO] [ REGRA_VALIDA_ HEXADECIMAL]"
"I015","01","REG","Texto fixo contendo “I015”.","C","004","-","""I015""","Sim","-"
"I015","02","COD_CTA_RES","Código da(s) conta(s) analítica(s) do Livro Diário com Escrituração Resumida (R) que recebe os lançamentos globais (deve corresponder a uma conta sintética no livro auxiliar).","C","-","-","-","Sim","[REGRA_VALIDA_CONTA_ RESUMIDA_AUXILIAR] [ REGRA_VALIDA_CONTA_ AUXILIAR_RESUMIDA]"
"I020","01","REG","Texto fixo contendo “I020”.","C","004","-","""I020""","Sim","-"
"I020","02","REG_COD","Código do registro que recepciona o campo adicional.","C","004","-","[do “I050” ao “I355”]","Sim","[REGRA_REG_COD_NUM _AD_DUPLICADO]"
"I020","03","NUM_AD","Número sequencial do campo adicional.","N","-","-","-","Sim","-"
"I020","04","CAMPO","Nome do campo adicional.","C","-","-","-","Sim","-"
"I020","05","DESCRIÇÃO","Descrição do campo adicional.","C","-","-","-","Não","-"
"I020","06","TIPO","Indicação do tipo de dado (N: numérico; C: caractere). N: numérico - campos adicionais que conterão informações de valores em espécie (moeda), com duas decimais. C : caractere - campos adicionais que conterão outras informações que não sejam valores em espécie (moeda), Exemplos: Códigos, CNPJ, CPF, etc. Observação: Os campos adicionais do tipo N (numérico) deverão ser preenchidos sem os separadores de milhar, sinais ou quaisquer outros caracteres (tais como: '.'; '-' ou '%'), devendo a vírgula ser utilizada como separador decimal (Vírgula: caractere 44 da Tabela ASCII).","C","-","-","[“N”,”C”]","Sim","-"
"I030","01","REG","Texto fixo contendo “I030”.","C","004","-","“I030”","Sim","-"
"I030","02","DNRC_ABERT","Texto fixo contendo “TERMO DE ABERTURA”.","C","017","-","“TERMO DE ABERTURA”","Sim","-"
"I030","03","NUM_ORD","Número de ordem do instrumento de escrituração.","N","-","-","-","Sim","[REGRA_MAIOR_QUE_ ZERO]"
"I030","04","NAT_LIVR","Natureza do livro; finalidade a que se destina o instrumento.","C","80","-","-","Sim","[REGRA_VALIDA_IDENT_ MF_LIVRO_RAS] [ REGRA_VALIDA_CONTEU DO_NAT_LIVR]"
"I030","05","QTD_LIN","Quantidade total de linhas do arquivo digital.","N","","","","Sim","[REGRA_IGUAL_QTD _LIN_REG9999]"
"I030","06","NOME","Nome empresarial.","C","-","-","-","Sim","[REGRA_IGUAL_NOME_ REG0000]"
"I030","07","NIRE","Número de Identificação do Registro de Empresas da Junta Comercial.","N","011","-","-","Não","[REGRA_VALIDA_NIRE] [ REGRA_NIRE_UF] [ REGRA_CAMPO_ OBRIGATORIO_NIRE]"
"I030","08","CNPJ","Número de inscrição no CNPJ.","C","014","-","-","Sim","[REGRA_IGUAL_CNPJ_ REG0000]"
"I030","09","DT_ARQ","Data do arquivamento dos atos constitutivos.","N","008","-","-","Não","[REGRA_DATA_INI_ MAIOR_ADV]"
"I030","10","DT_ARQ_CONV","Data de arquivamento do ato de conversão de sociedade simples em sociedade empresária.","N","008","-","-","Não","[REGRA_DATA_INI_ MAIOR] [ REGRA_PREENCHE_ DATA_I030]"
"I030","11","DESC_MUN","Município.","C","-","-","-","Não","-"
"I030","12","DT_EX_SOCIAL","Data de encerramento do exercício social.","N","008","-","-","Sim","[REGRA_OBRIGATORIA_ DT_EX_SOCIAL]"
"I050","01","REG","Texto fixo contendo “I050”.","C","004","-","""I050""","Sim","-"
"I050","02","DT_ALT","Data da inclusão/alteração.","N","008","-","-","Sim","[REGRA_ANO_ALT_MAIOR_ ANO_FIN]"
"I050","03","COD_NAT","Código da natureza da conta/grupo de contas, conforme tabela publicada pelo Sped.","C","002","-","","Sim","[REGRA_TABELA_ NATUREZA]"
"I050","04","IND_CTA","Indicador do tipo de conta: S - Sintética (grupo de contas) A - Analítica (conta)","C","001","-","[“S”,”A”]","Sim","-"
"I050","05","NIVEL","Nível da conta analítica/grupo de contas.","N","-","-","-","Sim","[REGRA_MAIOR_QUE _UM] [ REGRA_VALIDA_NIVEL _CONTAS]"
"I050","06","COD_CTA","Código da conta analítica/grupo de contas.","C","-","-","-","Sim","[REGRA_COD_CTA_ IGUAL_COD_CTA_SUP]"
"I050","07","COD_CTA_SUP","Código da conta sintética /grupo de contas de nível imediatamente superior.","C","-","-","-","Não","[REGRA_COD_CTA _SUP_OBRIGATORIO] [ REGRA_CTA_DE_NIVEL_ SUPERIOR_INVALIDA] [ REGRA_CONTA_SUPERIOR_ NAO_SE_APLICA]"
"I050","08","CTA","Nome da conta analítica/grupo de contas.","C","-","-","-","Sim","-"
"I051","01","REG","Texto fixo contendo “I051”.","C","004","-","“I051”","Sim","-"
"I051","02","COD_CCUS","Código do centro de custo.","C","-","-","-","Sim","[REGRA_CCUS_NO_ CENTRO_CUSTOS_N3]"
"I051","03","COD_CTA_REF","Código da conta de acordo com o plano de contas referencial, conforme tabela publicada pelos órgãos indicados no campo COD_PLAN_REF do registro 0000.","C","-","-","-","Sim","[REGRA_VALIDADE_ COD_CTA_PAD] [ REGRA_NAO_EXISTE_ COD_CTA_PAD]"
"I052","01","REG","Texto fixo contendo “I052”.","C","004","-","“I052”","Sim","-"
"I052","02","COD_CCUS","Código do centro de custo.","C","-","-","-","Não","[REGRA_CCUS_NO_ CENTRO_CUSTOS_N3]"
"I052","03","COD_AGL","Código de aglutinação utilizado nas demonstrações contábeis do bloco J (Somente para as contas analíticas).","C","-","-","-","Sim","-"
"I053","1","REG","Texto fixo contendo “I053”.","C","004","-","“I053”","Sim",""
"I053","2","COD_IDT","Código de identificação do grupo de conta- subconta(s)","C","006","-","-","Sim","[REGRA_ COD_IDT_ UNICO_POR_CONTA]"
"I053","3","COD_CNT_CORR","Código da subconta correlata (deve estar no plano de contas e só pode estar relacionada a um único grupo)","C","-","-","-","Sim","[REGRA_SUBCONTA_ NO_PLANO_CONTAS]"
"I053","4","NAT_SUB_CNT","Natureza da subconta correlata (conforme tabela de natureza da subconta publicada no Sped )","C","002","-","-","Sm","[REGRA_NAT_090_UNICA_ POR_CONTA]"
"I075","01","REG","Texto fixo contendo “I075”.","C","004","-","""I075""","Sim","-"
"I075","02","COD_HIST","Código do histórico padronizado.","C","-","-","-","Sim","[REGRA_REGISTRO_ DUPLICADO]"
"I075","03","DESCR_HIST","Descrição do histórico padronizado.","C","-","-","-","Sim","-"
"I100","01","REG","Texto fixo contendo “I100”.","C","004","-","""I100""","Sim","-"
"I100","02","DT_ALT","Data da inclusão/alteração.","N","008","-","-","Sim","[REGRA_DT_ALT_DATA_ MAIOR]"
"I100","03","COD_CCUS","Código do centro de custos.","C","-","-","-","Sim","-"
"I100","04","CCUS","Nome do centro de custos.","C","-","-","-","Sim","-"
"I150","01","REG","Texto fixo contendo “I150”.","C","004","-","""I150""","Sim","-"
"I150","02","DT_INI","Data de início do período.","N","008","-","-","Sim","[REGRA_DATA_INTERVALO_ DO_ARQUIVO] [ REGRA_DT_INI_MAIOR_ DT_FIN] [ REGRA_DT_INI_INICIO_MES]"
"I150","03","DT_FIN","Data de fim do período.","N","008","-","-","Sim","[REGRA_DATA_INTERVALO_ DO_ARQUIVO] [ REGRA_DT_FIN_FIM_MES]"
"I155","01","REG","Texto fixo contendo “I155”.","C","004","-","""I155""","Sim","-"
"I155","02","COD_CTA","Código da conta analítica.","C","-","-","-","Sim","[REGRA_CONTA_PARA_ LANCAMENTO]"
"I155","03","COD_CCUS","Código do centro de custos.","C","-","-","-","Não","[REGRA_CCUS_NO_ CENTRO_CUSTOS]"
"I155","04","VL_SLD_INI","Valor do saldo inicial do período.","N","019","02","-","Sim","-"
"I155","05","IND_DC_INI","Indicador da situação do saldo inicial: D - Devedor; C - Credor.","C","001","-","[“D”,”C”]","Não","[REGRA_IND_DC_ INI_OBRIGATORIO]"
"I155","06","VL_DEB","Valor total dos débitos do período.","N","019","02","-","Sim","-"
"I155","07","VL_CRED","Valor total dos créditos do período.","N","019","02","-","Sim","-"
"I155","08","VL_SLD_FIN","Valor do saldo final do período.","N","019","02","-","Sim","-"
"I155","09","IND_DC_FIN","Indicador da situação do saldo final: D - Devedor; C - Credor.","C","001","-","[“D”,”C”]","Não","[REGRA_IND_DC_ FIN_OBRIGATORIO]"
"I157","01","REG","Texto fixo contendo “I157”.","C","004","-","""I157""","Sim","-"
"I157","02","COD_CTA","Código da conta analítica do plano de contas anterior.","C","-","-","-","Sim",""
"I157","03","COD_CCUS","Código do centro de custos do plano de contas anterior.","C","-","-","-","Não",""
"I157","04","VL_SLD_INI","Valor do saldo inicial do período.","N","019","02","-","Sim","-"
"I157","05","IND_DC_INI","Indicador da situação do saldo inicial: D - Devedor; C - Credor.","C","001","-","[“D”,”C”]","Não","[REGRA_IND_DC_ INI_OBRIGATORIO]"
"I200","01","REG","Texto fixo contendo “I200”.","C","004","-","“I200”","Sim","-"
"I200","02","NUM_LCTO","Número ou Código de identificação único do lançamento contábil.","C","-","-","-","Sim","[REGRA_REGISTRO_ DUPLICADO]"
"I200","03","DT_LCTO","Data do lançamento.","N","008","-","-","Sim","[REGRA_DATA_INTERVALO_ DO_ARQUIVO] [ REGRA_DATA_ANTIGA]"
"I200","04","VL_LCTO","Valor do lançamento.","N","019","02","-","Sim","[REGRA_VALIDACAO_VL_ LCTO_DEB] [ REGRA_VALIDACAO_VL_ LCTO_CRED] [ REGRA_VALIDACAO_VL_ LCTO_ESC_AUXILIAR]"
"I200","05","IND_LCTO","Indicador do tipo de lançamento: N - Lançamento normal (todos os lançamentos, exceto os de encerramento das contas de resultado); E - Lançamento de encerramento de contas de resultado. X – Lançamento extemporâneo.","C","001","-","[“N”, “E”]","Sim","-"
"I200","06","DT_LCTO_EXT","Data de ocorrência dos fatos objeto do lançamento extemporâneo. Observação: Caso não seja possível precisar a data a que se refiram os fatos do lançamento extemporâneo, informar a data de encerramento do exercício em que ocorreram esses fatos.","N","008","-","-","Não","[REGRA_DT_LCTO_EXT_ OBRIGATORIA] [ REGRA_DT_LCTO_EXT_ INDEVIDA] [ REGRA_DT_ANTIGA] [ REGRA_DT_LCTO_EXT_INV]"
"I250","01","REG","Texto fixo contendo “I250”.","C","004","-","“I250”","Sim","-"
"I250","02","COD_CTA","Código da conta analítica debitada/creditada.","C","-","-","-","Sim","[REGRA_CONTA_PARA_ LANCAMENTO] [ REGRA_LANC_EXT_ CONTA_RESULTADO]"
"I250","03","COD_CCUS","Código do centro de custos.","C","-","-","-","Não","[REGRA_CCUS_NO_ CENTRO_CUSTOS]"
"I250","04","VL_DC","Valor da partida.","N","019","02","-","Sim","-"
"I250","05","IND_DC","Indicador da natureza da partida: D - Débito; C - Crédito.","C","001","-","[“D”,”C”]","Sim","-"
"I250","06","NUM_ARQ","Número, Código ou caminho de localização dos documentos arquivados.","C","-","-","-","Não","-"
"I250","07","COD_HIST_PAD","Código do histórico padronizado, conforme tabela I075.","C","-","-","-","Não","[REGRA_COD_HIS_PAD_ NO_HISTORICO_PADRAO]"
"I250","08","HIST","Histórico completo da partida ou histórico complementar. Observação: Caso o lançamento seja do tipo “X” – lançamento extemporâneo - em qualquer das formas de retificação, o histórico do lançamento extemporâneo deve especificar o motivo da correção, a data e o número do lançamento de origem (item 32 do ITG 2000 (R1)).","C","65535","-","-","Não","-"
"I250","09","COD_PART","Código de identificação do participante na partida conforme tabela 0150 (preencher somente quando identificado o tipo de participação no registro 0180).","C","-","-","-","Não","[REGRA_CODIGO_ PARTICIPANTE]"
"I300","01","REG","Texto fixo contendo “I300”.","C","4","-","""I300""","Sim","-"
"I300","02","DT_BCTE","Data do balancete.","N","8","-","-","Sim","[REGRA_DATA_INTERVALO_ DO_ARQUIVO]"
"I310","01","REG","Texto fixo contendo “I310”.","C","4","-","""I310""","Sim","-"
"I310","02","COD_CTA","Código da conta analítica debitada/creditada.","C","-","-","-","Sim","[REGRA_CONTA_PARA_ LANCAMENTO]"
"I310","03","COD_CCUS","Código do centro de custos.","C","-","-","-","Não","[REGRA_CCUS_NO_ CENTRO_CUSTOS]"
"I310","04","VAL_DEBD","Total dos débitos do dia.","N","019","02","-","Sim","-"
"I310","05","VAL_CREDD","Total dos créditos do dia.","N","019","02","-","Sim","-"
"I350","01","REG","Texto fixo contendo “I350”.","C","004","-","""I350""","Sim","-"
"I350","02","DT_RES","Data da apuração do resultado.","N","008","-","-","Sim","[REGRA_DATA_ INTERVALO_DO_ARQUIVO]"
"I355","01","REG","Texto fixo contendo “I355”.","C","004","-","""I355""","Sim","-"
"I355","02","COD_CTA","Código da conta analítica de resultado.","C","-","-","-","Sim","[REGRA_CONTA_ RESULTADO] [ REGRA_CONTA_PARA_ LANCAMENTO]"
"I355","03","COD_CCUS","Código do centro de custos.","C","-","-","-","Não","[REGRA_CCUS_NO_ CENTRO_CUSTOS]"
"I355","04","VL_CTA","Valor do saldo final antes do lançamento de encerramento.","N","019","02","-","Sim","-"
"I355","05","IND_DC","Indicador da situação do saldo final: D - Devedor; C - Credor.","C","001","-","[“D”,”C”]","Sim","-"
"I500","01","REG","Texto fixo contendo “I500”.","C","004","-","""I500""","Sim","-"
"I500","02","TAM_FONTE","Tamanho da fonte.","N","002","-","-","Sim","[REGRA_TAM_FONTE]"
"I510","01","REG","Texto fixo contendo “I510”.","C","004","-","""I510""","Sim","-"
"I510","02","NM_CAMPO","Nome do campo, sem espaços em branco ou caractere especial.","C","016","-","-","Sim","-"
"I510","03","DESC_CAMPO","Descrição do campo (utilizada na visualização do Livro Auxiliar)","C","050","-","-","Sim","-"
"I510","04","TIPO_CAMPO","Tipo do campo: “N” – Numérico; “C” – Caractere.","C","001","-","[N, C]","Sim","-"
"I510","05","TAM_CAMPO","Tamanho do campo.","N","003","-","-","Sim","-"
"I510","06","DEC_CAMPO","Quantidade de casas decimais para campos tipo “N”.","N","002","-","-","Não","-"
"I510","07","COL_CAMPO","Largura da coluna no relatório (em quantidade de caracteres).","N","003","-","-","Sim",""
"I550","01","REG","Texto fixo contendo “I550”.","C","004","-","""I550""","Sim","-"
"I555","01","REG","Texto fixo contendo “I555”.","C","004","-","""I555""","Sim","-"
"I990","01","REG","Texto fixo contendo “I990”.","C","004","-","""I990""","Sim","-"
"I990","02","QTD_LIN_I","Quantidade total de linhas do Bloco I.","N","-","-","-","Sim","[REGRA_QTD_LIN_BLOCOI]"
"J001","01","REG","Texto fixo contendo “J001”.","C","004","-","“J001”","Sim","-"
"J001","02","IND_DAD","Indicador de movimento: 0- Bloco com dados informados; 1- Bloco sem dados informados.","N","001","-","[0,1]","Sim","-"
"J005","01","REG","Texto fixo contendo “J005”.","C","004","-","“J005”","Sim","-"
"J005","02","DT_INI","Data inicial das demonstrações contábeis. Observação: A data inicial das demonstrações deve ser a data posterior ao último encerramento do exercício, mesmo que essa data não","N","008","-","-","Sim","[REGRA_DATA_INI_ MAIOR] [ REGRA_DT_INI_MAIOR_ DT_FIN] [ REGRA_DATA_ANTIGA]"
"J005","03","DT_FIN","Data final das demonstrações contábeis.","N","008","-","-","Sim","[REGRA_DATA_INI_ MAIOR] [ REGRA_DATA_ANTIGA]"
"J005","04","ID_DEM","Identificação das demonstrações: 1 – demonstrações contábeis da pessoa jurídica a que se refere a escrituração (inclusive Matrix/Filiais); 2 – demonstrações consolidadas ou de outras pessoas jurídicas.","N","001","-","[1,2]","Sim",""
"J005","05","CAB_DEM","Cabeçalho das demonstrações.","C","65535","-","-","Não","[REGRA_CAB_DEM_ OBRIGATORIO]"
"J100","01","REG","Texto fixo contendo “J100”.","C","004","-","“J100”","Sim","-"
"J100","02","COD_AGL","Código de aglutinação atribuído pela pessoa jurídica. Observação: Caso o indicador de código de aglutinação seja totalizador (T), o código de aglutinação deve ser informado, mas não deve estar cadastrado no registro I052 – os códigos de aglutinação informados no registro I052 são somente","C","-","-","-","Sim","[REGRA_COD_AGL_ IGUAL_COD_AGL_ SUPERIOR]"
"J100","03","IND_COD_AGL","Indicador do tipo de código de aglutinação das linhas: T – Totalizador (nível que totaliza um ou mais níveis inferiores da demonstração financeira) D – Detalhe (nível mais detalhado da demonstração financeira)","C","001","-","[“T”,“D”]","Sim","-"
"J100","04","NIVEL_AGL","Nível do Código de aglutinação (mesmo conceito do plano de contas – Registro I050).","N","-","-","-","Sim","[REGRA_MAIOR_QUE _ZERO] [ REGRA_VALIDA_ NIVEL_AGL]"
"J100","05","COD_AGL_SUP","Código de aglutinação sintético/grupo de código de aglutinação de nível superior.","C","-","-","-","Não","[REGRA_COD_AGL_ SUP_OBRIGATORIO] [ REGRA_COD_AGL_DE _NIVEL_SUPERIOR_ INVALIDO] [ REGRA_COD_AGL_NAO _SE_APLICA]"
"J100","06","IND_GRP_BAL","Indicador de grupo do balanço: A – Ativo; P – Passivo e Patrimônio Líquido.","C","001","-","[“A”,”P”]","Sim","-"
"J100","07","DESCR_COD_AGL","Descrição do Código de aglutinação.","C","-","-","-","Sim","-"
"J100","08","VL_CTA_INI","Valor inicial do código de aglutinação no Balanço Patrimonial no exercício informado, ou de período definido em norma específica.","N","019","2","-","Sim","-"
"J100","09","IND_DC_CTA_INI","Indicador da situação do saldo inicial informado no campo anterior: D - Devedor; C – Credor.","C","001","-","[“D”,”C”]","Sim","-"
"J100","10","VL_CTA_FIN","Valor final do código de aglutinação no Balanço Patrimonial no exercício informado, ou de período definido em norma específica.","N","019","2","-","Sim","-"
"J100","11","IND_DC_CTA_FIN","Indicador da situação do saldo final informado no campo anterior: D - Devedor; C – Credor.","C","001","-","[“D”,”C”]","Sim","-"
"J100","12","NOTA_EXP_REF","Referência a numeração das notas explicativas relativas às demonstrações contábeis.","C","12","-","-","Não","-"
"J150","01","REG","Texto fixo contendo “J150”.","C","004","-","“J150”","Sim","-"
"J150","02","NU_ORDEM","Número de ordem da linha na visualização da demonstração. O rdem de apresentação da linha na visualização do registro J150.","N","019","-","-","Sim","-"
"J150","03","COD_AGL","Código de aglutinação das linhas, atribuído pela pessoa jurídica. Observação: Caso o indicador de código de","C","-","-","-","Não","[REGRA_COD_AGL_ IGUAL_COD_AGL_ SUPERIOR]"
"J150","04","IND_COD_AGL","Indicador do tipo de código de aglutinação das linhas: T – Totalizador (nível que totaliza um ou mais níveis inferiores da demonstração financeira) D – Detalhe (nível mais detalhado da demonstração financeira)","C","001","-","[“T”,“D”]","Sim","-"
"J150","05","NIVEL_AGL","Nível do Código de aglutinação (mesmo conceito do plano de contas – Registro I050).","N","-","-","-","Sim","[REGRA_MAIOR_QUE _ZERO] [ REGRA_VALIDA_ NIVEL_AGL]"
"J150","06","COD_AGL_SUP","Código de aglutinação sintético/grupo de código de aglutinação de nível superior.","C","-","-","-","Não","[REGRA_COD_AGL_ SUP_OBRIGATORIO] [ REGRA_COD_AGL_DE _NIVEL_SUPERIOR_ INVALIDO] [ REGRA_COD_AGL_NAO _SE_APLICA]"
"J150","07","DESCR_COD_AGL","Descrição do Código de aglutinação.","C","-","-","-","Sim","-"
"J150","08","VL_CTA_INI_","Valor do saldo final da linha no período imediatamente anterior (saldo final da DRE anterior).","N","019","02","-","Não","-"
"J150","09","IND_DC_CTA_INI","Indicador da situação do valor final da linha no período imediatamente anterior: D – Devedor; C – Credor.","C","001","-","[“D”,“C”]","Não","-"
"J150","10","VL_CTA_FIN","Valor final da linha antes do encerramento do exercício.","N","019","02","-","Sim","-"
"J150","11","IND_DC_CTA_FIN","Indicador da situação do valor final da linha antes do encerramento do exercício: D – Devedor; C – Credor.","C","001","-","[“D”,“C”]","Sim","-"
"J150","12","IND_GRP_DRE","Indicador de grupo da DRE: D – Linha totalizadora ou de detalhe da demonstração que, por sua natureza de despesa, represente redução do lucro. R – Linha totalizadora ou de detalhe da demonstração que, por sua natureza de receita, represente incremento do lucro.","C","001","-","[“D”,”R”]","Sim","-"
"J150","13","NOTA_EXP_REF","Referência a numeração das notas explicativas relativas às demonstrações contábeis.","C","12","-","-","Não","-"
"J210","01","REG","Texto fixo contendo “J210”.","C","004","-","“J210”","Sim","-"
"J210","02","IND_TIP","Indicador do tipo de demonstração: 0 – DLPA – Demonstração de Lucro ou Prejuízos Acumulados 1 – DMPL – Demonstração de Mutações do Patrimônio Líquido","N","001","-","[0,1]","Sim","-"
"J210","03","COD_AGL","Código de aglutinação das contas analíticas do patrimônio líquido, atribuído pela empresa.","C","-","-","-","Sim","[REGRA_EXISTE_ AGLUTINACAO_ J210]"
"J210","04","DESCR_COD_AGL","Descrição do código de aglutinação","C","-","-","-","Sim","-"
"J210","05","VL_CTA_INI","Saldo inicial do código de aglutinação na demonstração do período informado.","N","019","02","-","Sim","-"
"J210","06","IND_DC_CTA_INI","Indicador da situação do saldo inicial informado no campo anterior: D – Devedor C – Credor","C","001","-","[“D”,”C”]","Sim","-"
"J210","07","VL_CTA_FIN","Saldo final do código de aglutinação na demonstração do período informado.","N","019","02","-","Sim","[REGRA_VALIDA_ TOTAL_COD_ AGLUTINACAO_ J215]"
"J210","08","IND_DC_CTA_FIN","Indicador da situação do saldo final informado no campo anterior: D – Devedor C – Credor","C","001","-","[“D”,”C”]","Sim","-"
"J210","09","NOTAS_EXP_REF","Referência à numeração das notas explicativas relativas às demonstrações contábeis.","C","12","-","-","Não","-"
"J215","01","REG","Texto fixo contendo “J215”.","C","004","-","“J215”","Sim","-"
"J215","02","COD_HIST_FAT","Código do histórico do fato contábil.","C","-","-","-","Sim","-"
"J215","03","DESC_FAT","Descrição do Fato Contábil","C","-","-","-","Sim","-"
"J215","04","VL_FAT_CONT","Valor do fato contábil.","N","019","02","-","Sim","-"
"J215","05","IND_DC_FAT","Indicador de situação do saldo informado no campo anterior: D – Devedor C – Credor P – Subtotal ou total positivo N – Subtotal ou total negativo","C","001","-","[“D”, “C”, “P”, “N”]","Sim","-"
"J800","01","REG","Texto fixo contendo “J800”.","C","004","-","""J800""","Sim","-"
"J800","02","TIPO_DOC","Tipo de documento: 001: Demonstração do Resultado Abrangente do Período 002: Demonstração dos Fluxos de Caixa 003: Demonstração do Valor Adicionado 010: Notas Explicativas 011: Relatório da Administração 012: Parecer dos Auditores 099: Outros","C","003","-","-","Sim","-"
"J800","03","DESC_RTF","Descrição do arquivo .rtf.","C","-","-","-","Não","-"
"J800","04","HASH_RTF","Hash do arquivo .rtf incluído. Observação: O HASH é preenchido automaticamente pelo sistema (não é editável e não pode ser alterado).","C","041","-","-","Não","[REGRA_VALIDA_ HASH_ARQUIVO]"
"J800","05","ARQ_RTF","Sequência de bytes que representem um único arquivo no formato RTF (Rich Text Format).","C","30000000","-","-","Sim","-"
"J800","06","IND_FIM_RTF","Indicador de fim do arquivo RTF. Texto fixo contendo “J800FIM”.","C","007","-","""J800FIM""","Sim","-"
"J801","01","REG","Texto fixo contendo “J801”.","C","004","-","""J801""","Sim","-"
"J801","02","TIPO_DOC","Tipo de documento: 001: Termo de Verificação para Fins Substituição da ECD","C","003","-","-","Sim","-"
"J801","03","DESC_RTF","Descrição do arquivo .rtf.","C","-","-","-","Não","-"
"J801","04","COD_MOT_SUBS","Código do motivo da substituição: 001 – Mudanças de saldos das contas que não podem ser realizadas por meio de lançamentos extemporâneos 002 – Alteração de assinatura 003 – Alteração de demonstrações contábeis 004 – Alteração da forma de escrituração contábil 005 – Alteração do número do livro 099 – Outros Observação: O código a ser adotado deve ser aquele cujo motivo é o preponderante na substituição da ECD.","C","010","-","[“001”; “002”; “003”; “004”; “005”; “099”]","Sim","-"
"J801","05","HASH_RTF","Hash do arquivo .rtf incluído. Observação: O HASH é preenchido automaticamente pelo sistema (não é editável e não pode ser alterado).","C","041","-","-","Não","[REGRA_VALIDA_ HASH_ARQUIVO]"
"J801","06","ARQ_RTF","Sequência de bytes que representem um único arquivo no formato RTF (Rich Text Format).","C","30000000","-","-","Sim","-"
"J801","07","IND_FIM_RTF","Indicador de fim do arquivo RTF. Texto fixo contendo “J801FIM”.","C","007","-","""J801FIM""","Sim","-"
"J900","01","REG","Texto fixo contendo “J900”.","C","004","-","“J900”","Sim","-"
"J900","02","DNRC_ENCER","Texto fixo contendo “TERMO DE ENCERRAMENTO”.","C","021","-","“TERMO DE ENCERRAMENTO”","Sim","-"
"J900","03","NUM_ORD","Número de ordem do instrumento de escrituração.","N","-","-","-","Sim","[REGRA_IGUAL_ NUM_ORD_ REGI030]"
"J900","04","NAT_LIVRO","Natureza do livro; finalidade a que se destinou o instrumento.","C","80","-","-","Sim","[REGRA_VALIDA _CONTEUDO_ NAT_LIVR]"
"J900","05","NOME","Nome empresarial.","C","-","-","-","Sim","[REGRA_IGUAL_ NOME_REG0000]"
"J900","06","QTD_LIN","Quantidade total de linhas do arquivo digital.","N","-","-","-","Sim","[REGRA_IGUAL_ QTD_LIN_ REG9999]"
"J900","07","DT_INI_ESCR","Data de início da escrituração.","N","008","-","-","Sim","[REGRA_IGUAL_ DT_INI_REG0000]"
"J900","08","DT_FIN_ESCR","Data de término da escrituração.","N","008","-","-","Sim","[REGRA_IGUAL_ DT_FIN_REG0000]"
"J930","01","REG","Texto fixo contendo “J930”.","C","004","-","[“J930”]","Sim",""
"J930","02","IDENT_NOM","Nome do signatário.","C","-","-","-","Sim",""
"J930","03","IDENT_CPF_CNPJ","CPF ou CNPJ","C","14","-","-","Sim","[REGRA_VALIDA_CPF] [ REGRA_VALIDA_CNPJ]"
"J930","04","IDENT_QUALIF","Qualificação do assinante, conforme tabela.","C","-","-","-","Sim","[REGRA_TABELA_ ASSINANTE_DESC]"
"J930","05","COD_ASSIN","Código de qualificação do assinante, conforme tabela.","C","003","-","-","Sim","[REGRA_QUALIF_INV_RESP _LEGAL]"
"J930","06","IND_CRC","Número de inscrição do contabilista no Conselho Regional de Contabilidade.","C","-","-","-","Não","[REGRA_OBRIGATORIO_ CONTADOR]"
"J930","07","EMAIL","Email do signatário.","C","060","-","-","Não","[REGRA_OBRIGATORIO_ CONTADOR]"
"J930","08","FONE","Telefone do signatário.","C","014","-","-","Não","[REGRA_OBRIGATORIO_ CONTADOR]"
"J930","09","UF_CRC","Indicação da unidade da federação que expediu o CRC.","C","002","-","-","Não","[REGRA_TABELA_UF] [ REGRA_OBRIGATORIO_ CONTADOR] [ REGRA_AVISO_ASSIN_CNPJ]"
"J930","10","NUM_SEQ_CRC","Número da Certidão de Regularidade Profissional do Contador no seguinte formato: UF/ano/número","C","-","-","-","Não","[REGRA_VALIDA_FORMATO _SEQUENCIAL_CRC] [ REGRA_ADVERTENCIA_ CONTADOR] [ REGRA_AVISO_ASSIN_CNPJ]"
"J930","11","DT_CRC","Data de validade da Certidão de Regularidade Profissional do Contador","N","008","-","-","Não","[REGRA_ADVERTENCIA_ CONTADOR] [ REGRA_AVISO_ASSIN_CNPJ]"
"J930","12","IND_RESP_LEGAL","Identificação do signatário que será validado como responsável pela assinatura da ECD, conforme atos societários: S – Sim N – Não","C","001","-","[S; N]","Sim",""
"J932","01","REG","Texto fixo contendo “J932”.","C","004","-","[“J932”]","Sim",""
"J932","02","IDENT_NOM_T","Nome do signatário do termo de verificação.","C","-","-","-","Sim",""
"J932","03","IDENT_CPF_CNPJ_T","CPF ou CNPJ do assinante do termo de verificação.","C","14","-","-","Sim","[REGRA_VALIDA_CPF] [ REGRA_VALIDA_CNPJ]"
"J932","04","IDENT_QUALIF_T","Qualificação do assinante do termo de verificação, conforme tabela.","C","-","-","-","Sim","[REGRA_TABELA_ ASSINANTE_DESC]"
"J932","05","COD_ASSIN_T","Código de qualificação do assinante do termo de verificação, conforme tabela.","C","003","-","-","Sim","[REGRA_QUALIF_INVALIDA _ASS_TERMO]"
"J932","06","IND_CRC_T","Número de inscrição do contabilista no Conselho","C","-","-","-","Não","[REGRA_OBRIGATORIO_ ASS_TERMO]"
"J932","07","EMAIL_T","Email do signatário.","C","060","-","-","Não","[REGRA_OBRIGATORIO_ ASS_TERMO]"
"J932","08","FONE_T","Telefone do signatário.","C","014","-","-","Não","[REGRA_OBRIGATORIO_ ASS_TERMO]"
"J932","09","UF_CRC_T","Indicação da unidade da federação que expediu o CRC.","C","002","-","-","Não","[REGRA_TABELA_UF] [ REGRA_OBRIGATORIO_ ASS_TERMO]"
"J932","10","NUM_SEQ_CRC_T","Número da Certidão de Regularidade Profissional do Contador no seguinte formato: UF/ano/número","C","-","-","-","Não","[REGRA_VALIDA_FORMATO _SEQUENCIAL_CRC] [ REGRA_ADV_ASS_ CONTADOR_TERMO]"
"J932","11","DT_CRC_T","Data de validade da Certidão de Regularidade Profissional do Contador","N","008","-","-","Não","[REGRA_ADV_ASS_ CONTADOR_TERMO]"
"J935","01","REG","Texto fixo contendo “J935”.","C","004","-","[“J935”]","Sim","-"
"J935","02","NI_CPF_CNPJ","CPF do auditor independente/CNPJ da pessoa jurídica de auditoria independente.","C","14","-","-","Sim","[REGRA_VALIDA_CNJP] [REGRA_VALIDA_CPF]"
"J935","03","NOME_AUDITOR _FIRMA","Nome do auditor independente ou pessoa jurídica de auditoria independente.","C","-","-","-","Sim","-"
"J935","04","COD_CVM_ AUDITOR","Registro do auditor independente na CVM.","C","-","-","-","Não","[REGRA_COD_CVM_AUD _OBRIGATORIO]"
"J990","01","REG","Texto fixo contendo “J990”.","C","004","-","""J990""","Sim","-"
"J990","02","QTD_LIN_J","Quantidade total de linhas do Bloco J.","N","-","-","-","Sim","[REGRA_QTD_LIN_ BLOCOJ]"
"K001","01","REG","Texto fixo contendo “K001”.","C","004","-","“K001”","Sim","-"
"K001","02","IND_DAD","Indicador de movimento: 0- Bloco com dados informados; 1- Bloco sem dados informados.","N","001","-","[0,1]","Sim","-"
"K030","01","REG","Texto fixo contendo “K030”.","C","004","-","“K030”","Sim","-"
"K030","02","DT_INI","Data inicial do período consolidado.","N","008","-","-","Sim","-"
"K030","03","DT_FIN","Data final do período consolidado.","N","008","-","-","Sim","[REGRA_DATA_MAIOR_INICIAL _CONS] [ REGRA_IGUAL_DT_FIN _REG0000] [ REGRA_PERIODO_CONS]"
"K100","01","REG","Texto fixo contendo “K100”.","C","004","-","“K100”","Sim","-"
"K100","02","COD_PAIS","Código do país da empresa, conforme tabela do Banco Central do Brasil.","N","005","-","Tabela externa PAIS_SISCOMEX","Sim","[REGRA_TABELA _PAISES]"
"K100","03","EMP_COD","Código de identificação da empresa participante.","N","004","-","-","Sim","-"
"K100","04","CNPJ","CNPJ (somente os 8 primeiros dígitos).","C","008","-","-","Não","[REGRA_OBRIGATORIO_ CNPJ_BRASIL]"
"K100","05","NOME","Nome empresarial.","C","-","-","-","Sim",""
"K100","06","PER_PART","Percentual de participação total do conglomerado na empresa no final do período consolidado. Observação: Neste campo, deve ser informado o percentual de participação acionária da empresa titular da ECD.","N","008","004","-","Sim","[REGRA_PERC_MENOR _IGUAL_100] [ REGRA_MAIOR_IGUAL_ _ZERO]"
"K100","07","EVENTO","Evento societário ocorrido no período: S - Sim N – Não","C","001","-","[S;N]","Sim","-"
"K100","08","PER_CONS","Percentual de consolidação da empresa no final do período consolidado: Informar o percentual do resultado da empresa que foi para a consolidação.","N","008","004","-","Sim","[REGRA_PERC_MENOR _IGUAL_100] [ REGRA_MAIOR_IGUAL _ZERO]"
"K100","09","DATA_INI_EMP","Data inicial do período da escrituração contábil da empresa que foi consolidada.","N","008","-","-","Sim","[REGRA_CONSOLIDADA_ INICIO_DIFERENTE] [ REGRA_ANO_IGUAL_ _ANTERIOR_K030]"
"K100","10","DATA_FIN_EMP","Data final do período da escrituração contábil da empresa que foi consolidada","N","008","-","-","Sim","[REGRA_DATA_FIN_ MAIOR_IGUAL] [ REGRA_CONSOLIDADA_ FINAL_DIFERENTE] [ REGRA_PERIODO_CONS] [ REGRA_ANO_IGUAL_ _ANTERIOR_K030]"
"K110","01","REG","Texto fixo contendo “K110”.","C","004","-","“K110”","Sim","-"
"K110","02","EVENTO","Evento societário ocorrido no período: 1 – Aquisição 2 – Alienação 3 – Fusão 4 – Cisão Parcial 5 – Cisão Total 6 – Incorporação 7 – Extinção 8 – Constituição","N","001","-","[1;2;3;4;5;6;7;8]","Sim","-"
"K110","03","DT_EVENTO","Data do evento societário.","N","008","-","-","Sim","[REGRA_ANO_IGUAL_ ANTERIOR_POSTERIOR_ K030]"
"K115","01","REG","Texto fixo contendo “K115”.","C","004","-","“K115”","Sim","-"
"K115","02","EMP_COD_PART","Código da empresa envolvida na operação","N","004","-","-","Sim","[REGRA_EXISTE_EMP_COD_ K100]"
"K115","03","COND_PART","Condição da empresa relacionada à operação: 1 – Sucessora; 2 – Adquirente; 3 – Alienante.","N","001","-","[1;2;3]","Sim","[REGRA_CONDICAO_COMPA TIVEL]"
"K115","04","PER_EVT","Percentual da empresa participante envolvida na operação","N","008","004","-","Sim","[REGRA_PERC_MENOR_IGUA L_100]"
"K200","01","REG","Texto fixo contendo “K200”.","C","004","-","“K200”","Sim","-"
"K200","02","COD_NAT","Código da natureza da conta/grupo de contas, conforme tabela publicada pelo Sped.","C","002","-","-","Sim","[REGRA_TABELA_NATUREZ A]"
"K200","03","IND_CTA","Indicador do tipo de conta: S - Sintética (grupo de contas); A - Analítica (conta).","C","001","-","[S;A]","Sim","-"
"K200","04","NIVEL","Nível da conta","N","-","-","-","Sim","[REGRA_MAIOR_QUE_UM] [ REGRA_ANALITICA_NIVEL_ 2]"
"K200","05","COD_CTA","Código da conta","C","-","-","-","Sim",""
"K200","06","COD_CTA_SUP","Código da conta superior","C","-","-","-","Não","[REGRA_COD_CTA_ SUP_OBRIGATORIO] [ REGRA_CONTA_SUPERIOR_ NAO_SE_APLICA] [ REGRA_CTA_CONSOLIDAD A_ DE_NIVEL_SUPERIOR_INVA LIDA]"
"K200","07","CTA","Nome da conta","C","-","-","-","Sim",""
"K210","01","REG","Texto fixo contendo “K210”.","C","004","-","“K210”","Sim","-"
"K210","02","COD_EMP","Código de identificação da empresa participante","N","004","-","-","Sim","[REGRA_EXISTE_EMP_COD_K100]"
"K210","03","COD_CTA_EMP","Código da conta da empresa participante","C","-","-","-","Sim",""
"K300","01","REG","Texto fixo contendo “K300”.","C","004","-","“K300”","Sim","-"
"K300","02","COD_CTA","Código da conta consolidada","C","-","-","-","Sim","[REGRA_EXISTE_K200_ANALITICA]"
"K300","03","VAL_AG","Valor absoluto aglutinado","N","019","02","-","Sim","-"
"K300","04","IND_VAL_AG","Indicador da situação do valor aglutinado: D – Devedor C – Credor","C","001","-","[D;C]","Sim","-"
"K300","05","VAL_EL","Valor absoluto das eliminações","N","019","02","-","Sim","[REGRA_SOMATORIO_ VALOR_ELIMINACOES]"
"K300","06","IND_VAL_EL","Indicador da situação do valor eliminado: D – Devedor C – Credor","C","001","-","[D;C]","Sim","-"
"K300","07","VAL_CS","Valor absoluto consolidado: VAL_CS = VAL_AG – VAL_EL","N","019","02","-","Sim","[REGRA_CALCULO_ VALOR_CONSOLIDADO]"
"K300","08","IND_VAL_CS","Indicador da situação do valor consolidado: D – Devedor C – Credor","C","001","-","[D;C]","Sim","-"
"K310","01","REG","Texto fixo contendo “K310”.","C","004","-","“K310”","Sim","-"
"K310","02","EMP_COD_PARTE","Código da empresa detentora do valor aglutinado que foi eliminado","N","004","-","-","Sim","[REGRA_EXISTE_EMP_COD_ K100]"
"K310","03","VALOR","Parcela do valor eliminado total","N","019","02","-","Sim","[REGRA_SOMATORIO_ VALOR_CONTRAPARTIDA]"
"K310","04","IND_VALOR","Indicador da situação do valor eliminado: D – Devedor C – Credor","C","001","-","[D;C]","Sim","-"
"K315","01","REG","Texto fixo contendo “K315”.","C","004","-","“K315”","Sim","-"
"K315","02","EMP_COD_CONTRA","Código da empresa da contrapartida","N","004","-","-","Sim","[REGRA_EXISTE_EMP_ COD_K100] [ REGRA_EMP_COD_CONTRA_ DIFERENTE_EMP_COD_PARTE]"
"K315","03","COD_CONTRA","Código da conta consolidada da contrapartida","C","-","-","-","Sim","[REGRA_COD_CTA_DIFERENTE_ COD_CONTRA] [ REGRA_EXISTE_COD _CTA_K300]"
"K315","04","VALOR","Parcela da contrapartida do valor eliminado total","N","019","02","-","Sim","[REGRA_MAIOR_QUE_ZERO] [ REGRA_SOMATORIO_ VALOR_CONTRAPARTIDA]"
"K315","05","IND_VALOR","Indicador da situação do valor eliminado: D – Devedor C – Credor","C","001","-","[D;C]","Sim","-"
"K990","01","REG","Texto fixo contendo “K990”.","C","004","-","""K990""","Sim","-"
"K990","02","QTD_LIN_K","Quantidade total de linhas do Bloco K.","N","-","-","-","Sim","[REGRA_QRD_LIN_ BLOCOK]"
"9001","01","REG","Texto fixo contendo “9001”.","C","004","-","“9001”","Sim","-"
"9001","02","IND_DAD","Indicador de movimento: 0- Bloco com dados informados; 1- Bloco sem dados informados.","N","001","-","[0,1]","Sim","-"
"9900","01","REG","Texto fixo contendo “9900”.","C","4","-","“9900”","Sim","-"
"9900","02","REG_BLC","Registro que será totalizado no próximo campo.","C","4","-","Somente tipos de registro previstos para a escrituração contábil digital","Sim","-"
"9900","03","QTD_REG_BLC","Total de registros do tipo informado no campo anterior.","N","-","-","-","Sim","[REGRA_QTD_REG _BLC]"
"9990","01","REG","Texto fixo contendo “9990”.","C","004","-","""9990""","Sim","-"
"9990","02","QTD_LIN_9","Quantidade total de linhas do Bloco 9.","N","-","-","-","Sim","[REGRA_QRD_LIN_ BLOCO9]"
"9999","01","REG","Texto fixo contendo “9999”.","C","004","-","""9999""","Sim","-"
"9999","02","QTD_LIN","Quantidade total de linhas do arquivo digital.","N","-","-","-","Sim","[REGRA_QTD_LIN_ ARQUIVO]"
